Date;Cocoa;Allegro;NERD;XRP
2024-01-22;4586;30.225;15.25;0.528434
2024-01-23;4668;30.0;15.395;0.514642
2024-01-24;4797;30.52;15.36;0.516131
2024-01-25;4616;30.2;15.41;0.514522
2024-01-26;4687;30.22;15.4;0.532088
2024-01-29;4740;30.135;15.58;0.5362
2024-01-30;4800;30.145;15.52;0.50969
2024-01-31;4810;30.385;15.45;0.501819
2024-02-01;4979;30.97;15.54;0.505453
2024-02-02;5029;30.41;15.77;0.510729
2024-02-05;5242;30.375;15.62;0.507135
2024-02-06;5236;30.65;15.83;0.507543
2024-02-07;5429;31.0;15.82;0.512098
2024-02-08;5864;31.48;15.91;0.514308
2024-02-09;5886;31.665;15.81;0.526005
2024-02-12;5868;32.195;15.81;0.531434
2024-02-13;5995;31.29;15.55;0.526105
2024-02-14;5956;32.045;16.0;0.539601
2024-02-15;5970;32.0;16.12;0.561388
2024-02-16;5704;31.8;15.98;0.565435
2024-02-20;6039;31.86;15.59;0.564507
2024-02-21;6299;31.18;15.56;0.5477
2024-02-22;6132;33.125;15.72;0.543426
2024-02-23;6651;32.87;15.62;0.534025
2024-02-26;6880;33.375;15.65;0.550358
2024-02-27;6743;33.54;15.61;0.586935
2024-02-28;6362;32.35;15.38;0.573301
2024-02-29;6466;32.245;15.36;0.584545
2024-03-01;6769;31.35;15.62;0.601062
2024-03-04;6586;30.75;15.25;0.652217
2024-03-05;7000;30.54;15.08;0.589406
2024-03-06;6549;30.52;15.23;0.610936
2024-03-07;7000;30.8;15.33;0.632403
2024-03-08;6928;31.26;15.27;0.619919
2024-03-11;6728;30.835;15.47;0.725645
2024-03-12;7974;31.09;15.55;0.687248
2024-03-13;7035;30.335;15.58;0.686336
2024-03-14;7473;30.68;15.38;0.669066
2024-03-15;8140;33.06;15.27;0.633157
2024-03-18;8258;32.055;15.415;0.632562
2024-03-19;8080;31.635;15.42;0.585784
2024-03-20;8388;31.61;15.62;0.612888
2024-03-21;8436;32.59;15.55;0.638353
2024-03-22;8872;32.74;15.48;0.608634
2024-03-25;9647;31.59;15.31;0.643196
2024-03-26;9624;31.96;15.37;0.633106
2024-03-27;9897;32.405;15.535;0.614179
2024-03-28;9741;33.085;15.5;0.625231
2024-04-02;9855;32.2;15.31;0.587935
2024-04-03;9425;32.09;15.28;0.571566
2024-04-04;9616;31.655;15.18;0.589341
2024-04-05;9940;30.9;15.25;0.5884
2024-04-08;9713;31.055;15.34;0.618763
2024-04-09;10211;30.75;15.41;0.623419
2024-04-10;10476;31.04;15.11;0.616182
2024-04-11;10435;31.455;15.18;0.609843
2024-04-12;10840;30.94;14.85;0.545358
2024-04-15;10981;31.0;14.53;0.494784
2024-04-16;10038;31.375;14.56;0.496199
2024-04-17;10430;31.89;14.53;0.495845
2024-04-18;11288;33.0;14.47;0.502251
2024-04-19;12250;32.665;14.3692;0.507557
2024-04-22;10950;33.295;14.555;0.559062
2024-04-23;10531;33.325;14.64;0.550483
2024-04-24;11600;32.9;14.61;0.531411
2024-04-25;10800;32.3;14.5;0.528693
2024-04-26;10975;33.27;14.63;0.528511
2024-04-29;9958;34.295;14.87;0.5137
2024-04-30;10050;34.015;14.55;0.496554
2024-05-02;8379;34.2;14.89;0.519926
2024-05-06;8570;36.905;15.2;0.545511
2024-05-07;8610;36.21;15.24;0.531884
2024-05-08;8634;36.415;14.96;0.518839
2024-05-09;8695;37.115;15.09;0.518417
2024-05-10;8891;38.0;15.33;0.502949
2024-05-13;7166;38.06;15.411;0.504744
2024-05-14;9000;38.06;15.65;0.502119
2024-05-15;7781;38.235;15.75;0.517505
2024-05-16;7334;38.39;15.68;0.515546
2024-05-17;7277;38.85;15.66;0.523183
2024-05-20;7209;38.845;15.78;0.535003
2024-05-21;7318;37.635;15.67;0.533383
2024-05-22;7417;37.91;15.6353;0.527278
2024-05-23;8218;39.92;15.4;0.528961
2024-05-24;8144;40.0;15.58;0.533436
2024-05-28;8611;39.835;15.39;0.527303
2024-05-29;9285;39.125;15.3;0.523723
2024-05-31;9300;37.775;15.58;0.517483
2024-06-03;9451;38.0;15.76;0.521811
2024-06-04;9400;38.29;15.97;0.5251
2024-06-05;9634;38.25;16.04;0.526453
2024-06-06;9915;37.675;15.98;0.520333
2024-06-07;9997;37.18;15.81;0.49871
2024-06-10;9500;37.49;15.78;0.496466
2024-06-11;9997;37.295;15.57;0.480799
2024-06-12;10582;37.56;15.64;0.490938
2024-06-13;10535;37.335;15.46;0.478808
2024-06-14;10194;36.765;15.56;0.475067
2024-06-17;9718;37.7;15.63;0.509565
2024-06-18;9914;37.2;15.69;0.489231
2024-06-20;9485;37.185;15.49;0.488953
2024-06-21;8600;37.06;15.54;0.485998
2024-06-24;7925;37.62;15.57;0.472555
2024-06-25;8015;37.595;15.75;0.476014
2024-06-26;7500;38.29;15.76;0.47048
2024-06-27;7361;38.055;15.76;0.474264
2024-06-28;7692;37.7;15.785;0.470662
2024-07-01;7500;37.25;15.73;0.478069
2024-07-02;7497;36.44;15.85;0.483924
2024-07-03;7706;36.63;15.93;0.466382
2024-07-05;7738;35.6;15.95;0.424334
2024-07-08;7720;35.875;15.98;0.430461
2024-07-09;8430;36.09;16.16;0.435291
2024-07-10;8071;35.765;16.29;0.437165
2024-07-11;8325;36.605;16.38;0.447087
2024-07-12;8321;36.8;16.64;0.470389
2024-07-15;8399;36.675;16.6;0.532366
2024-07-16;7888;35.88;16.58;0.580145
2024-07-17;7766;34.78;16.45;0.630457
2024-07-18;8092;35.3;16.28;0.568386
2024-07-19;7743;35.13;16.1494;0.576142
2024-07-22;8263;35.125;16.22;0.615285
2024-07-23;8318;35.425;16.18;0.596172
2024-07-24;8227;35.33;16.01;0.616195
2024-07-25;7858;35.41;16.06;0.599326
2024-07-26;8052;35.5;16.28;0.6034
2024-07-29;7813;35.74;16.26;0.604134
2024-07-30;8139;35.875;16.21;0.626112
2024-07-31;8083;36.4;16.52;0.632372
2024-08-01;7546;36.21;15.99;0.592414
2024-08-02;7532;35.86;15.63;0.56425
2024-08-05;8054;35.155;14.98;0.490393
2024-08-06;8285;34.53;15.4;0.510094
2024-08-07;8831;35.39;15.315;0.626663
2024-08-08;8472;36.235;15.77;0.613284
2024-08-09;9128;36.305;15.88;0.578979
2024-08-12;8881;37.25;15.9335;0.564362
2024-08-13;8997;37.5;16.18;0.57957
2024-08-14;8853;38.2;16.22;0.568445
2024-08-16;8825;39.145;16.41;0.564058
2024-08-19;9150;38.265;16.69;0.596831
2024-08-20;9486;37.435;16.74;0.595406
2024-08-21;9602;38.53;17.06;0.602348
2024-08-22;9744;38.725;16.92;0.59613
2024-08-23;9858;37.885;17.2;0.612584
2024-08-26;9784;37.875;17.13;0.586406
2024-08-27;9802;37.62;17.19;0.5733
2024-08-28;9624;37.385;16.93;0.570151
2024-08-29;9671;37.9;16.93;0.562694
2024-08-30;9645;38.07;17.01;0.565726
2024-09-03;9730;37.9;16.64;0.565941
2024-09-04;9375;37.46;16.73;0.558439
2024-09-05;9496;36.72;16.96;0.543804
2024-09-06;7081;35.86;16.59;0.51913
2024-09-09;7475;35.925;16.86;0.540592
2024-09-10;9726;35.955;16.75;0.539362
2024-09-11;10026;35.98;16.89;0.535148
2024-09-12;9895;37.2;17.15;0.564855
2024-09-13;7673;37.535;17.26;0.572629
2024-09-16;7780;37.8;17.39;0.584089
2024-09-17;7637;38.665;17.5;0.587153
2024-09-18;7795;38.725;17.465;0.578917
2024-09-19;7745;35.475;17.71;0.587365
2024-09-20;7699;35.83;17.54;0.586853
2024-09-23;7788;36.335;17.6;0.586577
2024-09-24;7874;36.3;17.84;0.59037
2024-09-25;7981;36.58;17.63;0.5854
2024-09-26;8110;36.105;17.97;0.591959
2024-09-27;8299;36.07;17.82;0.587606
2024-09-30;7736;34.81;17.84;0.623101
2024-10-01;7093;34.705;17.73;0.601744
2024-10-02;7020;34.715;17.66;0.540959
2024-10-03;7170;34.455;17.55;0.525037
2024-10-04;7065;34.1;17.915;0.534495
2024-10-07;6983;34.115;17.98;0.538838
2024-10-08;7093;34.3;17.92;0.531817
2024-10-09;7389;34.44;17.85;0.525737
2024-10-10;7509;34.445;17.73;0.529927
2024-10-11;7760;35.715;17.72;0.540024
2024-10-14;7623;35.005;17.62;0.544913
2024-10-15;8003;34.77;17.56;0.539865
2024-10-16;7678;35.26;17.52;0.54869
2024-10-17;7685;34.845;17.34;0.545404
2024-10-18;7432;35.0;17.52;0.545729
2024-10-21;7386;34.7;17.665;0.54657
2024-10-22;7180;34.48;17.56;0.533616
2024-10-23;6973;34.285;17.53;0.522845
2024-10-24;6741;34.455;17.5;0.531675
2024-10-25;6796;34.81;17.55;0.517167
2024-10-28;6909;35.0;17.77;0.519336
2024-10-29;7231;35.53;18.0;0.527336
2024-10-30;7361;35.84;18.02;0.523927
2024-10-31;7353;35.12;18.2;0.510131
2024-11-04;7348;35.23;17.99;0.502907
2024-11-05;7223;34.49;18.25;0.513838
2024-11-06;6949;34.775;18.31;0.546027
2024-11-07;7274;35.13;19.42;0.553477
2024-11-08;7134;34.65;19.49;0.55376
2024-11-12;7924;34.205;19.23;0.715965
2024-11-13;8102;35.115;18.98;0.69206
2024-11-14;8776;31.135;19.07;0.793595
2024-11-15;8611;29.15;18.99;0.89897
2024-11-18;8368;28.63;19.275;1.12591
2024-11-19;8575;28.0;19.58;1.09197
2024-11-20;8425;28.245;19.79;1.11197
2024-11-21;8653;28.92;19.66;1.20593
2024-11-22;8808;28.815;19.89;1.46742
2024-11-25;8965;29.29;19.87;1.41965
2024-11-26;8964;28.95;20.08;1.39027
2024-11-27;8844;28.95;20.2;1.47798
2024-11-29;9220;28.77;20.61;1.75518
2024-12-02;9402;29.2;20.88;2.75389
2024-12-03;9038;28.99;21.14;2.60722
2024-12-04;9401;30.265;21.59;2.375
2024-12-05;9853;30.37;21.67;2.29013
2024-12-06;9624;30.35;21.87;2.4505
2024-12-09;10081;29.845;20.98;2.21086
2024-12-10;10350;30.3;20.55;2.33474
2024-12-11;10351;30.1;21.08;2.43419
2024-12-12;10821;28.7;20.89;2.35124
2024-12-13;11280;29.06;20.75;2.41586
2024-12-16;11697;29.125;20.875;2.50558
2024-12-17;11933;28.455;21.15;2.55344
2024-12-18;12646;28.03;20.26;2.34744
2024-12-19;11779;27.99;20.38;2.28172
2024-12-20;11868;27.89;20.41;2.28467
2024-12-23;11582;27.85;20.46;2.2548
2024-12-27;9876;27.675;20.3819;2.13897
2024-12-30;11241;27.08;19.87;2.06114
2025-01-02;11216;28.24;20.07;2.40315
2025-01-03;11567;27.705;20.27;2.45874
2025-01-07;11223;27.6;19.78;2.29618
2025-01-08;11183;27.18;19.6366;2.38788
2025-01-10;10579;26.6;19.4003;2.34211
2025-01-13;10929;25.67;19.36;2.52964
2025-01-14;10929;25.905;19.55;2.66728
2025-01-15;10900;26.645;19.95;3.08219
2025-01-16;10468;26.67;19.91;3.22573
2025-01-17;11173;26.905;19.96;3.27011
