WIG;Zloto;Srebro;Platyna;Pallad;Ropa WTI, Cushing ;Ropa Brent Europe ;DJ
0,09547;-0,03625;0,04699;-0,02423;0,09833;0,04044;-0,00156;0,00933
-0,01371;0,00832;-0,07516;0,00993;-0,20095;0,00068;0,07338;-0,03601
-0,12108;-0,03375;-0,02257;-0,07705;-0,12038;-0,08004;-0,10909;-0,05874
-0,04994;0,02115;0,00808;0,05506;-0,07588;0,00918;0,04735;0,08667
0,03878;0,01653;0,01375;0,02189;-0,05425;0,04147;0,10327;0,01648
0,02367;0,01159;-0,02034;-0,08072;-0,06667;-0,03598;-0,01625;-0,03753
-0,1078;-0,01737;-0,02768;-0,14695;-0,24086;-0,04275;-0,11634;0,00194
-0,05871;0,0267;-0,00356;-0,06303;-0,00438;0,03596;0,04348;-0,05446
-0,02473;0,07363;0,09107;-0,03812;-0,20879;-0,04275;-0,00234;-0,11078
-0,0712;-0,04896;-0,0671;-0,01399;-0,11111;-0,15382;-0,19828;0,02572
0,15522;-0,01166;-0,03158;0,04728;0,08438;-0,11412;-0,08471;0,08555
0,02183;0,00363;0,09179;0,08352;0,26801;-0,01273;-0,00479;0,01725
-0,00812;0,02098;-0,0542;-0,05208;-0,15909;0,0165;0,03795;-0,01013
0,15376;0,05154;0,03743;0,08352;0,01892;0,05124;0,04428;0,01876
-0,04882;0,01533;0,05411;0,04665;0,02387;0,18388;0,16864;0,02947
-0,0165;0,02256;-0,01604;0,03876;-0,06736;0,06726;0,08565;-0,04399
0,00637;0,0597;0,09674;0,02239;-0,03333;0,03285;-0,01477;-0,00211
0,03444;-0,0248;-0,03469;-0,00547;-0,07759;-0,05621;-0,0501;-0,06871
-0,0927;-0,04349;-0,04312;-0,02936;0,00312;0,05682;0,06894;-0,05482
-0,09056;0,02675;-0,02039;0,06616;0,02484;0,05265;0,03535;-0,00837
0,04077;0,03485;-0,00712;-0,00177;-0,03636;0,04473;0,06567;-0,12369
-0,04739;-0,02101;-0,01269;0,02842;-0,02201;-0,02765;-0,03028;0,10605
0,10127;0,00678;-0,01006;0,02245;-0,15756;-0,08634;-0,11619;0,05943
0,04042;0,08823;0,05305;0,01014;-0,09924;0,11803;0,16393;-0,06233
-0,0202;0,05847;0,04448;0,11538;0,08475;0,11847;0,1006;-0,0345
-0,03633;-0,05456;-0,05695;0,02099;-0,04688;0,08741;0,05099;-0,02021
-0,005;-0,03626;-0,02938;-0,05727;-0,2623;-0,06475;-0,06591;0,01281
-0,00116;0,00567;0,03251;-0,06075;-0,14444;-0,15936;-0,18327;0,06106
0,03636;0,0732;-0,00977;0,06468;0,18831;-0,00213;0,0344;0,04365
0,07326;-0,04261;-0,01206;0,03894;-0,02186;0,09072;0,06922;0,01527
0,04464;0,02529;0,12764;0,02549;-0,00559;0,00294;0,02532;0,02764
0,12615;0,05877;0,00492;0,03363;0,13202;0,02667;0,05432;0,01971
0,18507;0,03301;0,00196;0,00424;0,03722;-0,10326;-0,09301;-0,01495
-0,09401;-0,00451;0,00391;0,06056;-0,02871;0,07171;0,09222;0,05672
0,06897;0,0314;0,04187;0,01594;-0,07389;0,02538;-0,02904;-0,0019
-0,06931;0,04486;0,11495;0,06275;0,03723;0,03279;0,03687;0,06864
0,0826;-0,03964;0,04359;0,02952;0,17949;0,06785;0,04931;0,00327
0,05414;-0,00976;0,05703;0,04779;-0,00435;0,01078;-0,01343;0,00913
0,06245;0,07035;0,18921;0,02965;0,24454;0,0594;0,08976;-0,02137
0,02368;-0,08308;-0,23962;-0,11628;-0,11579;0,00027;-0,00119;-0,01275
0,01819;0,01223;0,03613;0,04261;-0,02381;0,09605;0,11849;-0,00363
-0,02867;0,00648;-0,04136;-0,04627;-0,11789;-0,05586;-0,06361;0,02424
0,01447;-0,01112;0,08629;0,03088;-0,00461;0,07231;0,08641;-0,02835
-0,01324;0,0405;0,04984;0,05623;-0,01042;0,10103;0,11826;0,00337
0,02568;0,02063;-0,01113;-0,01157;0,0152;0,02316;0,01076;-0,0092
0,04244;0,02382;0,07427;-0,02225;-0,01843;0,15977;0,15231;-0,00524
0,00599;0,06544;0,0831;0,03832;-0,01408;-0,09028;-0,13399;0,03994
0,00021;-0,03926;-0,12701;-0,00865;-0,12381;-0,10976;-0,08142;0,03404
0,04765;-0,03088;-0,00739;0,01105;0,02717;0,08552;0,12399;-0,02718
-0,02415;0,03151;0,09375;-0,00575;-0,03704;0,02797;0,02179;0,02634
0,08854;-0,01826;-0,02211;0;0,09066;0,12544;0,16755;-0,02437
-0,03628;0,01918;-0,02887;0,00347;-0,01259;-0,02233;-0,02298;-0,02964
-0,05334;-0,04877;0,02149;-0,00865;-0,05612;-0,05946;-0,06226;0,02698
0,03606;0,05465;-0,00421;0,0285;-0,01081;0,13084;0,11716;-0,01839
0,05937;-0,01853;0,00634;0,01584;0,04918;0,04703;0,05833;0,03561
0,07469;0,00991;-0,05668;-0,01114;-0,05208;0,10153;0,11231;-0,01497
0,03008;0,09233;0,11721;0,04617;-0,0989;0,00923;-0,01672;0,00831
0,0777;-0,00528;0,03121;0,00969;0,38415;-0,05077;-0,06946;-0,01217
-0,05257;0,05332;0,05731;0,04371;0,13656;-0,06328;-0,05637;0,03504
0,05938;0,03459;0,07552;-0,0143;0;0,01869;0,02933;-0,00818
0,04936;0,10867;0,12231;0,11088;0,12403;0,10234;0,10781;0,01375
0,09849;-0,02242;-0,0217;-0,01959;-0,01379;-0,05894;-0,04413;0,01183
0,02847;0,04676;0,21248;0,02379;0,16084;0,0172;0,03073;0,01054
0,09394;0,10653;0,06806;0,06413;0,09036;0,10767;0,13213;0,02321
-0,09924;0,02562;0,02748;0,131;-0,01934;0,02016;-0,00683;-0,01749
0,02554;-0,07116;-0,17054;-0,05328;-0,12113;0,00155;-0,01748;-0,00162
0,12918;0,03847;0,05981;-0,00897;0,00321;0,04877;0,07453;0,00318
-0,05516;-0,02135;0,11111;0,02469;0,08946;-0,01841;-0,00597;0,01748
0,01589;-0,03889;-0,08333;-0,08434;-0,07625;-0,12651;-0,1539;0,02617
0,07504;0,00751;0,04589;-0,05877;0,00317;-0,07696;-0,06698;0,03439
0,06065;0,07114;0,13245;0,09133;0,03481;0,00323;0,01643;0,01169
0,00361;-0,02273;-0,05702;-0,04526;-0,0107;0,04875;0,06314;0,01974
0,08225;0,02927;0,03566;0,04562;0,02318;-0,12024;-0,14071;0,01272
-0,04871;0,02106;0,07111;0,05988;0,04532;0,08751;0,07228;-0,02798
0,10836;-0,00369;-0,06709;0,00404;0,01662;0,01957;0,07801;0,00699
0,03965;0,02304;0,01124;0,03376;0,05473;0,05857;0,08767;0,05736
0,06288;-0,02644;-0,01852;-0,00467;-0,01078;-0,00828;-0,00415;0,04323
0,03951;-0,01305;-0,05358;-0,00547;-0,00545;0,06367;0,05713;-0,01607
-0,03643;0,02306;0,0311;0,01493;0;0,09824;0,08276;-0,01466
-0,04744;0,00977;-0,07579;-0,01858;-0,09589;-0,02375;-0,0802;0,01103
-0,00463;0,10565;0,14226;0,08596;0,04167;0,10434;0,09059;0,04027
0,04568;0,06258;0,04908;0,04575;0,07636;0,07371;0,06699;0,00248
-0,10212;-0,0076;-0,00628;0;-0,05676;0,10455;0,1223;-0,04008
-0,0182;0,06414;0,03725;0,0625;0,04298;-0,0325;-0,01602;-0,00799
-0,14198;0,10735;0,13415;0,13137;0,06593;0,01396;0,01375;-0,04632
-0,00473;0,05226;0,17204;0,24206;0,46392;0,02603;0,03048;-0,03035
0,0103;-0,03911;-0,08308;-0,05116;-0,21655;0,10546;0,09106;-0,00029
-0,02748;-0,06695;-0,08449;-0,05441;-0,05618;0,06761;0,05239;0,04544
-0,00144;0,01693;0,02307;0,04095;0,02381;0,11387;0,12588;-0,01418
-0,1175;0,05024;0,04748;0,02789;0,08605;0,06762;0,07752;-0,10194
0,03061;-0,01317;-0,00963;-0,14826;-0,18201;-0,00381;0,00302;0,00247
-0,04537;-0,09259;-0,21281;-0,1587;-0,20942;-0,12522;-0,14678;0,01455
-0,07694;0,06182;-0,05814;-0,32116;-0,34106;-0,10765;-0,14138;-0,06002
-0,24006;-0,17383;-0,28395;-0,18924;-0,00503;-0,26414;-0,26381;-0,14061
-0,04462;0,11461;0,09052;0,07617;-0,05556;-0,25193;-0,26725;-0,05319
0,00363;0,06783;0,06621;0,02511;-0,02139;-0,2825;-0,23832;-0,00596
-0,0934;0,0572;0,15941;0,09465;0,07104;0,01435;0,08736;-0,08837
-0,12131;0,03535;0,05596;0,07731;-0,0051;-0,06281;-0,00276;-0,11723
0,10813;-0,03729;-0,00757;0,06138;0,10256;0,2264;0,07433;0,0773
0,20729;-0,03628;-0,03661;-0,02758;0,01395;0,03567;0,07821;0,07349
0,01048;0,10444;0,22882;0,07502;0,08257;0,18892;0,14189;0,04067
0,03739;-0,04203;-0,1018;0,00936;0,05508;0,17974;0,19738;-0,00627
0,15921;0,00482;-0,02224;0,00253;0,02811;-0,07883;-0,06078;0,08578
0,07637;0,01757;0,06676;0,04626;0,12891;0,10756;0,12523;0,0354
-0,00987;0,04212;0,13136;0,03457;0,0173;-0,02308;-0,06703;0,02275
0,02254;0,04444;0,00729;0,02564;0,10204;0,09091;0,07568;0,00005
0,03003;0,13053;0,09475;0,09242;0,11265;0,02998;0,05346;0,06508
0,01022;-0,07506;-0,0634;0,01318;0,09015;-0,04513;-0,0287;0,00804
0,00181;-0,00828;-0,0412;0,03491;0,06616;0,05183;0,02297;-0,03459
-0,03369;0,02758;-0,01044;0,01389;0,02625;-0,02477;-0,03177;0,02563
0,09657;0,00654;0,08561;0,07306;0,11395;0,06297;0,06888;0,05146
0,01999;0,05715;0,064;0,05653;0,1524;0,03805;0,07599;0,014
-0,04077;0,02396;-0,00483;-0,10529;-0,14674;-0,12516;-0,10457;-0,07921
-0,05147;0,03023;0,01133;-0,01479;-0,05308;0,0217;-0,01567;-0,03577
0,07799;-0,06029;-0,05763;0,01501;0,09193;0,01301;0,01097;0,07079
-0,00586;0,06587;0,06852;-0,02572;0,01437;0,00367;0,01932;-0,04311
0,07156;0,04896;0,16958;0,09703;0,15992;-0,01775;0,01038;0,07722
0,02195;0,03041;0,08564;0,02286;0,11693;0,08838;0,06205;0,03063
-0,01879;0,02729;0,1323;-0,02471;0,09688;0,02882;0,03157;-0,01012
0,04693;0,0159;0,12901;0,0585;0,13533;0,05816;0,07235;0,05193
